2013,Audi,EVQX 992
2016,Mitsubichi,TNED 278
2020,Honda,QBVH 797
2011,Hyundai,TKJJ 367
2012,BMW,ZDFV 996
2019,Mercedes,PAMM 586
2014,BMW,BPWJ 208
2010,Ford,AJZL 254
2011,Mitsubichi,IVBT 395
2019,Nissan,TBRD 628
2010,Toyota,NCOT 069
2015,Subaru,HILJ 873
2017,Volkswagen,QDWI 851
2021,Audi,SKIH 531
2012,Ford,TRCV 886
2014,Kia,VHXE 601
2016,Hyundai,MNDP 560
2012,Volkswagen,KPZX 237
2017,Nissan,SANB 987
2011,Subaru,MVZP 534
2020,Chevrolet,RFEX 674
2012,Lexus,DPLI 058
2023,Toyota,BOEZ 965
2012,Volkswagen,UDAV 133
2022,Mercedes,IVWI 861
2023,Lexus,ZFFF 284
2020,Hyundai,CLNG 188
2012,Subaru,AEVC 351
2020,Lexus,RBYM 469
2010,Kia,MQAM 273
2015,Mitsubichi,SDRC 527
2023,Ford,GIPY 911
2013,Subaru,ZHNM 866
2022,Toyota,NRSN 310
2020,Chevrolet,WTWR 076
2012,Acura,JFNK 089
2011,Mitsubichi,LMPH 136
2015,Audi,QLLK 292
2018,Ford,XXLC 289
2011,Subaru,JVCB 153
2011,Acura,JVWU 553
2020,Chevrolet,YATL 266
2012,Mercedes,JLDK 828
2019,Subaru,EIAU 351
2023,Lexus,GLBF 586
2019,Mercedes,RHGE 567
2018,Audi,GMSQ 463
2015,Honda,FBUP 369
2011,Chevrolet,FBJT 107
2011,Lexus,ZMXO 138
2022,Chevrolet,YDDE 584
2012,Honda,TATN 411
2017,Audi,ZBSC 828
2015,Hyundai,LJSU 387
2017,Lexus,TVTM 228
2014,Volkswagen,LGAX 809
2021,Audi,IPSD 308
2018,Honda,XDSI 768
2011,Chevrolet,DDLG 842
2022,Mitsubichi,VNYU 462
2022,Hyundai,UHCC 700
2020,Subaru,MAGA 082
2016,Subaru,UYMJ 399
2013,Toyota,WPEN 543
2016,Acura,DTRD 514
2012,BMW,TOXI 898
2014,Acura,AWRI 246
2018,Honda,ZAQW 280
2011,Acura,VJCD 005
2011,Subaru,FPKK 091
2018,Chevrolet,QOPE 955
2021,Mitsubichi,RJNV 585
2016,Honda,XQJL 603
2014,Kia,QQVY 794
2014,Toyota,JVJY 171
2011,Subaru,ORVV 743
2010,Acura,VRIX 739
2015,Acura,PELP 875
2018,Mitsubichi,LDCC 793
2023,Acura,RNJP 755
2021,Hyundai,YXBA 440
2012,Audi,HROH 982
2020,Hyundai,XQAX 113
2010,Toyota,BJDN 895
2010,Acura,QBFP 519
2018,Audi,LWZR 633
2022,Ford,FAGT 043
2021,Subaru,RBXE 056
2020,Honda,BDUF 044
2017,BMW,MOEG 997
2022,Audi,UQAL 884
2018,Kia,ECRS 529
2014,Mitsubichi,JDYH 515
2020,Mitsubichi,BNKQ 521
2019,Volkswagen,JEIT 312
2010,Ford,UMNL 655
2014,Volkswagen,WTLG 105
2014,Mercedes,NBZL 389
2023,Hyundai,NEZC 390
2016,Nissan,LSKL 615